{
    "$schema": "https://schema.management.azure.com/schemas/2015-01-01/deploymentParameters.json#",
    "contentVersion": "1.0.0.0",
    "parameters": {
        "location": {
            "value": "eastus"
        },
        "networkInterfaceName": {
            "value": "vmubnode1cls447"
        },
        "networkSecurityGroupName": {
            "value": "vmubnode1cls-nsg"
        },
        "networkSecurityGroupRules": {
            "value": [
                {
                    "name": "SSH",
                    "properties": {
                        "priority": 300,
                        "protocol": "TCP",
                        "access": "Allow",
                        "direction": "Inbound",
                        "sourceAddressPrefix": "*",
                        "sourcePortRange": "*",
                        "destinationAddressPrefix": "*",
                        "destinationPortRange": "22"
                    }
                },
                {
                    "name": "RDP",
                    "properties": {
                        "priority": 320,
                        "protocol": "TCP",
                        "access": "Allow",
                        "direction": "Inbound",
                        "sourceAddressPrefix": "*",
                        "sourcePortRange": "*",
                        "destinationAddressPrefix": "*",
                        "destinationPortRange": "3389"
                    }
                }
            ]
        },
        "subnetName": {
            "value": "default"
        },
        "virtualNetworkName": {
            "value": "lnxcls_group-vnet"
        },
        "addressPrefixes": {
            "value": [
                "10.1.0.0/16"
            ]
        },
        "subnets": {
            "value": [
                {
                    "name": "default",
                    "properties": {
                        "addressPrefix": "10.1.0.0/24"
                    }
                }
            ]
        },
        "publicIpAddressName": {
            "value": "vmubnode1cls-ip"
        },
        "publicIpAddressType": {
            "value": "Dynamic"
        },
        "publicIpAddressSku": {
            "value": "Basic"
        },
        "pipDeleteOption": {
            "value": "Detach"
        },
        "virtualMachineName": {
            "value": "vmubnode1cls"
        },
        "virtualMachineComputerName": {
            "value": "vmubnode1cls"
        },
        "virtualMachineRG": {
            "value": "lnxcls_group"
        },
        "osDiskType": {
            "value": "Standard_LRS"
        },
        "osDiskDeleteOption": {
            "value": "Delete"
        },
        "dataDisks": {
            "value": [
                {
                    "lun": 0,
                    "createOption": "attach",
                    "deleteOption": "Detach",
                    "caching": "None",
                    "writeAcceleratorEnabled": false,
                    "id": null,
                    "name": "vmubnode1cls_DataDisk_0",
                    "storageAccountType": null,
                    "diskSizeGB": null,
                    "diskEncryptionSet": null
                }
            ]
        },
        "dataDiskResources": {
            "value": [
                {
                    "name": "vmubnode1cls_DataDisk_0",
                    "sku": "Standard_LRS",
                    "properties": {
                        "diskSizeGB": 4,
                        "creationData": {
                            "createOption": "empty"
                        }
                    }
                }
            ]
        },
        "virtualMachineSize": {
            "value": "Standard_B1ls"
        },
        "nicDeleteOption": {
            "value": "Detach"
        },
        "adminUsername": {
            "value": "azureuser"
        },
        "autoShutdownStatus": {
            "value": "Enabled"
        },
        "autoShutdownTime": {
            "value": "19:00"
        },
        "autoShutdownTimeZone": {
            "value": "UTC"
        },
        "autoShutdownNotificationStatus": {
            "value": "Enabled"
        },
        "autoShutdownNotificationLocale": {
            "value": "en"
        },
        "autoShutdownNotificationEmail": {
            "value": "caltls@hotmail.com"
        }
    }
}